{"v":"4.8.0","meta":{"g":"LottieFiles AE 1.0.0","a":"Grabill Kobby","k":"Here","d":"Location Pointer","tc":""},"fr":30.0000305175781,"ip":0,"op":74.0000752766927,"w":1080,"h":1080,"nm":"LOCATION","ddd":0,"assets":[],"layers":[{"ddd":0,"ind":1,"ty":4,"nm":"LOCAS 2","sr":1,"ks":{"o":{"a":0,"k":100,"ix":11},"r":{"a":0,"k":0,"ix":10},"p":{"a":0,"k":[539.969,539.792,0],"ix":2},"a":{"a":0,"k":[227.969,259.792,0],"ix":1},"s":{"a":0,"k":[100,100,100],"ix":6}},"ao":0,"shapes":[{"ty":"gr","it":[{"ty":"gr","it":[{"ind":0,"ty":"sh","ix":1,"ks":{"a":1,"k":[{"i":{"x":0,"y":1},"o":{"x":0.333,"y":0},"t":3,"s":[{"i":[[0,-24.45],[24.451,0],[0,24.45],[-24.45,0]],"o":[[0,24.45],[-24.45,0],[0,-24.45],[24.451,0]],"v":[[44.271,0],[0,44.271],[-44.271,0],[0,-44.271]],"c":true}]},{"i":{"x":0.231,"y":1},"o":{"x":0.386,"y":0},"t":15,"s":[{"i":[[0,-24.45],[24.451,0],[0,24.45],[-39.354,-0.861]],"o":[[0,24.45],[-24.45,0],[0,-24.45],[32.643,0.714]],"v":[[26.271,46],[0,92.271],[-32.271,48],[0,-24.271]],"c":true}]},{"i":{"x":0.342,"y":1},"o":{"x":0.86,"y":0},"t":28,"s":[{"i":[[0,-24.45],[24.451,0],[0,24.45],[-24.45,0]],"o":[[0,24.45],[-24.45,0],[0,-24.45],[24.451,0]],"v":[[44.271,-28],[0,16.271],[-44.271,-28],[0,-72.271]],"c":true}]},{"i":{"x":0.667,"y":1},"o":{"x":0.333,"y":0},"t":41,"s":[{"i":[[0,-24.45],[30.697,-0.169],[0,24.45],[-24.45,0]],"o":[[0,24.45],[-31.357,0.172],[0,-24.45],[24.451,0]],"v":[[24.271,-18],[0,46.271],[-26.271,-14],[0,-66.271]],"c":true}]},{"i":{"x":0.667,"y":1},"o":{"x":0.333,"y":0},"t":47,"s":[{"i":[[0,-24.45],[24.451,0],[0,24.45],[-24.45,0]],"o":[[0,24.45],[-24.45,0],[0,-24.45],[24.451,0]],"v":[[44.271,42],[0,86.271],[-44.271,42],[0,-2.271]],"c":true}]},{"i":{"x":0.667,"y":1},"o":{"x":0.333,"y":0},"t":52,"s":[{"i":[[0,-24.45],[24.451,0],[0,24.45],[-24.45,0]],"o":[[0,24.45],[-24.45,0],[0,-24.45],[24.451,0]],"v":[[44.271,-2],[0,42.271],[-44.271,-2],[0,-46.271]],"c":true}]},{"i":{"x":0.667,"y":1},"o":{"x":0.333,"y":0},"t":57,"s":[{"i":[[0,-24.45],[24.451,0],[0,24.45],[-24.45,0]],"o":[[0,24.45],[-24.45,0],[0,-24.45],[24.451,0]],"v":[[44.271,10],[0,54.271],[-44.271,10],[0,-34.271]],"c":true}]},{"t":61.0000620524089,"s":[{"i":[[0,-24.45],[24.451,0],[0,24.45],[-24.45,0]],"o":[[0,24.45],[-24.45,0],[0,-24.45],[24.451,0]],"v":[[44.271,0],[0,44.271],[-44.271,0],[0,-44.271]],"c":true}]}],"ix":2},"nm":"Path 1","mn":"ADBE Vector Shape - Group","hd":false},{"ty":"st","c":{"a":0,"k":[0,0.564705882353,1,1],"ix":3},"o":{"a":0,"k":100,"ix":4},"w":{"a":0,"k":33.792,"ix":5},"lc":2,"lj":1,"ml":10,"bm":0,"nm":"Stroke 1","mn":"ADBE Vector Graphic - Stroke","hd":false},{"ty":"tr","p":{"a":0,"k":[229.357,226.692],"ix":2},"a":{"a":0,"k":[0,0],"ix":1},"s":{"a":0,"k":[100,100],"ix":3},"r":{"a":0,"k":0,"ix":6},"o":{"a":0,"k":100,"ix":7},"sk":{"a":0,"k":0,"ix":4},"sa":{"a":0,"k":0,"ix":5},"nm":"Transform"}],"nm":"Group 1","np":2,"cix":2,"bm":0,"ix":1,"mn":"ADBE Vector Group","hd":false},{"ty":"tr","p":{"a":1,"k":[{"i":{"x":0,"y":1},"o":{"x":0.333,"y":0},"t":9,"s":[227.959,259.792],"to":[0,-13.667],"ti":[0,0]},{"i":{"x":0.667,"y":1},"o":{"x":1,"y":0},"t":27,"s":[227.959,177.792],"to":[0,0],"ti":[0,-13.667]},{"t":45.0000457763672,"s":[227.959,259.792]}],"ix":2},"a":{"a":0,"k":[227.959,259.792],"ix":1},"s":{"a":0,"k":[100,100],"ix":3},"r":{"a":0,"k":0,"ix":6},"o":{"a":0,"k":100,"ix":7},"sk":{"a":0,"k":0,"ix":4},"sa":{"a":0,"k":0,"ix":5},"nm":"Transform"}],"nm":"Group 1","np":2,"cix":2,"bm":0,"ix":1,"mn":"ADBE Vector Group","hd":false}],"ip":0,"op":602.000612386068,"st":2.00000203450521,"bm":0},{"ddd":0,"ind":2,"ty":4,"nm":"LOCAS","sr":1,"ks":{"o":{"a":0,"k":100,"ix":11},"r":{"a":0,"k":0,"ix":10},"p":{"a":0,"k":[539.969,539.792,0],"ix":2},"a":{"a":0,"k":[227.969,259.792,0],"ix":1},"s":{"a":0,"k":[100,100,100],"ix":6}},"ao":0,"shapes":[{"ty":"gr","it":[{"ty":"gr","it":[{"ind":0,"ty":"sh","ix":1,"ks":{"a":1,"k":[{"i":{"x":0.17,"y":1},"o":{"x":0.333,"y":0},"t":0,"s":[{"i":[[0.44,-84.521],[38.597,0],[-0.418,86.557],[-78.945,0]],"o":[[-0.421,80.816],[-33.403,0],[0.369,-76.501],[78.947,0]],"v":[[143.049,-30.252],[-0.339,175.313],[-143.071,-32.287],[-0.339,-175.312]],"c":true}]},{"i":{"x":0.667,"y":1},"o":{"x":0.828,"y":0},"t":6,"s":[{"i":[[0.872,-84.518],[62.372,-0.969],[-2.898,110.782],[-78.945,0]],"o":[[-1.018,98.712],[-57.63,0.895],[2.001,-76.476],[78.947,0]],"v":[[155.049,-30.505],[-0.339,175.313],[-157.071,-32.575],[-0.678,-151.312]],"c":true}]},{"i":{"x":0.302,"y":1},"o":{"x":0.333,"y":0},"t":12,"s":[{"i":[[17.89,-82.607],[20.352,-1.945],[18.385,85.017],[-78.945,0]],"o":[[-17.018,78.581],[-23.63,2.258],[-16.898,-78.142],[78.947,0]],"v":[[111.049,-31.01],[-0.339,175.313],[-117.071,-28.287],[-0.678,-205.312]],"c":true}]},{"i":{"x":0,"y":1},"o":{"x":0.167,"y":0},"t":25,"s":[{"i":[[0.44,-84.521],[38.597,0],[-0.418,86.557],[-78.945,0]],"o":[[-0.421,80.816],[-33.403,0],[0.369,-76.501],[78.947,0]],"v":[[143.049,-30.252],[-0.339,175.313],[-143.071,-32.287],[-0.339,-175.312]],"c":true}]},{"i":{"x":0.868,"y":1},"o":{"x":1,"y":0},"t":36,"s":[{"i":[[17.89,-82.607],[20.352,-1.945],[18.385,85.017],[-78.945,0]],"o":[[-17.018,78.581],[-23.63,2.258],[-16.898,-78.142],[78.947,0]],"v":[[111.049,-31.01],[-0.339,175.313],[-117.071,-28.287],[-0.678,-205.312]],"c":true}]},{"i":{"x":0.368,"y":1},"o":{"x":0.237,"y":0},"t":43,"s":[{"i":[[0.872,-84.518],[74.372,-2.847],[-2.898,110.782],[-78.945,0]],"o":[[-1.018,98.712],[-75.63,2.895],[2.001,-76.476],[78.947,0]],"v":[[167.049,-31.01],[-0.339,175.313],[-169.071,-33.15],[-1.356,-125.312]],"c":true}]},{"t":49.0000498453776,"s":[{"i":[[0.44,-84.521],[38.597,0],[-0.418,86.557],[-78.945,0]],"o":[[-0.421,80.816],[-33.403,0],[0.369,-76.501],[78.947,0]],"v":[[143.049,-30.252],[-0.339,175.313],[-143.071,-32.287],[-0.339,-175.312]],"c":true}]}],"ix":2},"nm":"Path 1","mn":"ADBE Vector Shape - Group","hd":false},{"ty":"st","c":{"a":0,"k":[0,0.564705882353,1,1],"ix":3},"o":{"a":0,"k":100,"ix":4},"w":{"a":0,"k":33.792,"ix":5},"lc":2,"lj":1,"ml":10,"bm":0,"nm":"Stroke 1","mn":"ADBE Vector Graphic - Stroke","hd":false},{"ty":"tr","p":{"a":0,"k":[227.969,259.792],"ix":2},"a":{"a":0,"k":[0,0],"ix":1},"s":{"a":0,"k":[100,100],"ix":3},"r":{"a":0,"k":0,"ix":6},"o":{"a":0,"k":100,"ix":7},"sk":{"a":0,"k":0,"ix":4},"sa":{"a":0,"k":0,"ix":5},"nm":"Transform"}],"nm":"Group 2","np":2,"cix":2,"bm":0,"ix":2,"mn":"ADBE Vector Group","hd":false},{"ty":"tr","p":{"a":1,"k":[{"i":{"x":0,"y":1},"o":{"x":0.333,"y":0},"t":7,"s":[227.959,259.792],"to":[0,-17.5],"ti":[0,0]},{"i":{"x":0.667,"y":1},"o":{"x":1,"y":0},"t":25,"s":[227.959,154.792],"to":[0,0],"ti":[0,-17.5]},{"t":43.000043741862,"s":[227.959,259.792]}],"ix":2},"a":{"a":0,"k":[227.959,259.792],"ix":1},"s":{"a":0,"k":[100,100],"ix":3},"r":{"a":0,"k":0,"ix":6},"o":{"a":0,"k":100,"ix":7},"sk":{"a":0,"k":0,"ix":4},"sa":{"a":0,"k":0,"ix":5},"nm":"Transform"}],"nm":"Group 1","np":2,"cix":2,"bm":0,"ix":1,"mn":"ADBE Vector Group","hd":false}],"ip":0,"op":600.000610351563,"st":0,"bm":0},{"ddd":0,"ind":3,"ty":4,"nm":"SHADOW","sr":1,"ks":{"o":{"a":0,"k":100,"ix":11},"r":{"a":0,"k":0,"ix":10},"p":{"a":0,"k":[540,731.388,0],"ix":2},"a":{"a":0,"k":[5,181,0],"ix":1},"s":{"a":1,"k":[{"i":{"x":[0.833,0.833,0.833],"y":[1,1,1]},"o":{"x":[0.167,0.167,0.167],"y":[0,0,0]},"t":0,"s":[36.797,9.132,100]},{"i":{"x":[0,0,0.667],"y":[1,1,1]},"o":{"x":[0.333,0.333,0.333],"y":[0,0,0]},"t":7,"s":[40.827,10.132,100]},{"i":{"x":[0.667,0.667,0.667],"y":[1,1,1]},"o":{"x":[1,1,0.333],"y":[0,0,0]},"t":27.594,"s":[16.649,4.132,100]},{"i":{"x":[0.833,0.833,0.833],"y":[1,1,1]},"o":{"x":[0.167,0.167,0.167],"y":[0,0,0]},"t":44,"s":[40.827,10.132,100]},{"t":55.0000559488932,"s":[36.797,9.132,100]}],"ix":6}},"ao":0,"shapes":[{"ty":"gr","it":[{"d":1,"ty":"el","s":{"a":0,"k":[246,246],"ix":2},"p":{"a":0,"k":[0,0],"ix":3},"nm":"Ellipse Path 1","mn":"ADBE Vector Shape - Ellipse","hd":false},{"ty":"st","c":{"a":0,"k":[0,0.564705882353,1,1],"ix":3},"o":{"a":0,"k":100,"ix":4},"w":{"a":1,"k":[{"i":{"x":[0.667],"y":[1]},"o":{"x":[0.333],"y":[0]},"t":0,"s":[59]},{"i":{"x":[0.667],"y":[1]},"o":{"x":[0.333],"y":[0]},"t":7,"s":[69]},{"i":{"x":[0.667],"y":[1]},"o":{"x":[0.333],"y":[0]},"t":28,"s":[10]},{"i":{"x":[0.667],"y":[1]},"o":{"x":[0.333],"y":[0]},"t":43,"s":[69]},{"t":55.0000559488932,"s":[59]}],"ix":5},"lc":1,"lj":1,"ml":4,"bm":0,"nm":"Stroke 1","mn":"ADBE Vector Graphic - Stroke","hd":false},{"ty":"tr","p":{"a":0,"k":[5,181],"ix":2},"a":{"a":0,"k":[0,0],"ix":1},"s":{"a":0,"k":[100,100],"ix":3},"r":{"a":0,"k":0,"ix":6},"o":{"a":0,"k":100,"ix":7},"sk":{"a":0,"k":0,"ix":4},"sa":{"a":0,"k":0,"ix":5},"nm":"Transform"}],"nm":"Ellipse 1","np":3,"cix":2,"bm":0,"ix":1,"mn":"ADBE Vector Group","hd":false}],"ip":0,"op":300.000305175781,"st":0,"bm":0}],"markers":[]}